symbol,name,sector,industry,price,pe,forward_pe,peg,eps_growth,rev_growth,debt_to_equity,current_ratio,op_margins,fcf,market_cap_b,fair_value,discount_pct,lynch_score
CSGP,"CoStar Group, Inc.",Real Estate,Real Estate Services,28.09,156.05556,15.836683,0.1,12.61,0.184,14.537,2.214,0.082159996,412700000.0,11.38200064,6.3,-345.9,12608.5
CVS,CVS Health Corporation,Healthcare,Healthcare Plans,89.13,23.517149,10.450607,0.21,1.888,0.071,95.503,0.866,0.03861,8076000256.0,113.99462912,132.65,32.8,889.5
AVGO,Broadcom Inc.,Technology,Semiconductors,352.81,45.582687,18.20118,0.35,2.153,0.855,59.604,2.504,0.54307,30596499456.0,1684.184367104,274.75,-28.4,609.2
COO,"The Cooper Companies, Inc.",Healthcare,Medical Instruments & Supplies,55.38,19.030928,11.798669,0.52,3.571,0.006,33.634,1.222,0.20822,542649984.0,10.53080064,101.85,45.6,683.4
CF,"CF Industries Holdings, Inc.",Basic Materials,Agricultural Inputs,114.67,8.500371,10.712407,0.52,0.996,0.176,40.504,4.86,0.49325,1276749952.0,17.35394304,472.15,75.7,187.5
FIX,"Comfort Systems USA, Inc.",Industrials,Engineering & Construction,1658.91,40.819637,27.5665,0.55,0.919,0.503,11.498,1.214,0.17062001,1841915392.0,58.384224256,1422.4,-16.6,165.9
ADI,"Analog Devices, Inc.",Technology,Semiconductors,393.6,46.745842,24.076164,0.59,1.635,0.396,27.314,1.25,0.39503,4147339008.0,190.724980736,294.7,-33.6,274.4
BSX,Boston Scientific Corporation,Healthcare,Medical Devices,43.92,17.781376,12.870065,0.62,0.151,0.075,50.151,1.24,0.22895999,2451375104.0,63.65016064,37.3,-17.8,19.3
AMD,"Advanced Micro Devices, Inc.",Technology,Semiconductors,630.63,161.28644,40.48134,0.64,1.595,0.501,6.361,2.609,0.1725,8841499648.0,1029.487722496,136.85,-360.8,248.6
CVX,Chevron Corporation,Energy,Oil & Gas Integrated,204.45,19.639769,14.462378,0.89,3.219,0.535,18.959,1.252,0.21866,21934000128.0,401.049780224,364.0,43.8,359.8
BLK,"BlackRock, Inc.",Financial Services,Asset Management,1086.31,26.044355,16.8979,0.91,0.196,0.306,23.192,2.447,0.35079,7578124800.0,176.499523584,817.52,-32.9,19.2
GLW,Corning Incorporated,Technology,Electronic Components,156.74,72.56481,35.914696,0.94,0.185,0.166,71.448,1.813,0.15649,734499968.0,135.014014976,39.96,-292.2,12.5
AMAT,"Applied Materials, Inc.",Technology,Semiconductor Equipment & Materials,485.0,41.84642,26.256168,0.96,0.428,0.248,28.666,2.423,0.33736,3075375104.0,384.894763008,405.65,-19.6,41.7
CSCO,"Cisco Systems, Inc.",Technology,Communication Equipment,106.7,32.04204,18.979416,0.98,0.521,0.176,62.017,0.931,0.27719,11182624768.0,420.674011136,116.55,8.5,47.0
ADM,Archer-Daniels-Midland Company,Consumer Defensive,Farm Products,81.12,22.163935,14.306577,1.0,3.156,0.072,39.134,1.389,0.04008,1164625024.0,39.096561664,128.1,36.7,311.7
COP,ConocoPhillips,Energy,Oil & Gas E&P,127.3,16.838625,13.176786,1.08,1.07,0.355,35.639,1.542,0.3151,7691375104.0,152.930271232,264.6,51.9,95.5
APA,APA Corporation,Energy,Oil & Gas E&P,42.74,9.016878,9.561093,1.15,0.263,0.092,48.854,0.946,0.56331,2146749952.0,14.974024704,124.66,65.7,18.0
AFL,AFLAC Incorporated,Financial Services,Insurance - Life,113.72,12.2675295,15.079349,1.18,0.468,-0.01,53.365,0.892,0.25722998,5152249856.0,57.012760576,324.45,64.9,34.3
